{
    "gold_valence": [
        1.9411764705882353,
        1.4705882352941178,
        3.176470588235294,
        1.1176470588235294,
        3.1176470588235294,
        2.764705882352941,
        2.235294117647059,
        2.4705882352941178,
        3.5294117647058822,
        1.9411764705882353,
        3.764705882352941,
        2.823529411764706,
        2.1176470588235294,
        3.823529411764706,
        2.0,
        1.2352941176470589,
        1.411764705882353,
        3.411764705882353,
        2.3529411764705883,
        3.6470588235294117,
        2.8823529411764706,
        2.764705882352941,
        3.235294117647059,
        3.3529411764705883,
        3.764705882352941,
        2.6470588235294117,
        3.3529411764705883,
        1.5294117647058822,
        1.8235294117647058,
        1.9411764705882353,
        1.8823529411764706,
        3.4705882352941178,
        1.9411764705882353,
        3.6470588235294117,
        1.9411764705882353,
        1.1764705882352942,
        3.764705882352941,
        1.6470588235294117,
        2.411764705882353,
        1.1176470588235294,
        2.235294117647059,
        1.1764705882352942,
        1.8235294117647058,
        2.411764705882353,
        3.1176470588235294,
        3.5294117647058822,
        1.5294117647058822,
        2.764705882352941,
        2.9411764705882355,
        2.764705882352941,
        2.9411764705882355,
        1.411764705882353,
        2.9411764705882355,
        2.411764705882353,
        1.1764705882352942,
        1.588235294117647,
        2.0588235294117645,
        1.411764705882353,
        1.8235294117647058,
        2.823529411764706
    ],
    "gold_arousal": [
        2.176470588235294,
        3.176470588235294,
        2.9411764705882355,
        1.4705882352941178,
        3.1176470588235294,
        2.588235294117647,
        2.764705882352941,
        2.588235294117647,
        3.176470588235294,
        2.3529411764705883,
        3.4705882352941178,
        2.9411764705882355,
        2.5294117647058822,
        3.588235294117647,
        2.7058823529411766,
        1.1176470588235294,
        1.2941176470588236,
        3.4705882352941178,
        2.588235294117647,
        3.2941176470588234,
        2.823529411764706,
        2.6470588235294117,
        3.411764705882353,
        2.9411764705882355,
        3.235294117647059,
        2.764705882352941,
        3.2941176470588234,
        2.3529411764705883,
        1.9411764705882353,
        2.4705882352941178,
        2.0,
        3.235294117647059,
        1.8823529411764706,
        3.235294117647059,
        2.2941176470588234,
        1.3529411764705883,
        3.6470588235294117,
        2.1176470588235294,
        2.411764705882353,
        1.7647058823529411,
        2.1176470588235294,
        1.3529411764705883,
        2.4705882352941178,
        2.5294117647058822,
        2.5294117647058822,
        3.411764705882353,
        2.1176470588235294,
        2.6470588235294117,
        2.823529411764706,
        3.4705882352941178,
        3.0,
        1.5294117647058822,
        3.3529411764705883,
        2.235294117647059,
        1.7647058823529411,
        2.411764705882353,
        2.235294117647059,
        1.8823529411764706,
        2.0,
        2.9411764705882355
    ],
    "gold_similarity": [
        1.5294117647058822,
        1.9411764705882353,
        3.2941176470588234,
        1.0,
        3.5294117647058822,
        1.8235294117647058,
        1.7058823529411764,
        2.1176470588235294,
        2.8823529411764706,
        1.4705882352941178,
        3.4705882352941178,
        2.411764705882353,
        1.588235294117647,
        3.7058823529411766,
        1.6470588235294117,
        1.0,
        1.2352941176470589,
        3.3529411764705883,
        1.7058823529411764,
        3.588235294117647,
        2.411764705882353,
        1.7647058823529411,
        2.9411764705882355,
        2.6470588235294117,
        3.7058823529411766,
        2.3529411764705883,
        2.823529411764706,
        1.1176470588235294,
        1.0588235294117647,
        1.6470588235294117,
        1.4705882352941178,
        3.3529411764705883,
        1.7647058823529411,
        3.0588235294117645,
        1.2941176470588236,
        1.0588235294117647,
        3.9411764705882355,
        1.5294117647058822,
        2.3529411764705883,
        1.1176470588235294,
        1.6470588235294117,
        1.0588235294117647,
        1.5294117647058822,
        1.7058823529411764,
        2.6470588235294117,
        3.823529411764706,
        1.2941176470588236,
        1.9411764705882353,
        2.823529411764706,
        2.8823529411764706,
        2.2941176470588234,
        1.1176470588235294,
        2.6470588235294117,
        1.588235294117647,
        1.0588235294117647,
        1.2941176470588236,
        1.411764705882353,
        1.1764705882352942,
        1.7647058823529411,
        2.2941176470588234
    ],
    "gold_relatedness": [
        2.235294117647059,
        2.5294117647058822,
        3.4705882352941178,
        1.411764705882353,
        3.3529411764705883,
        3.235294117647059,
        2.9411764705882355,
        3.176470588235294,
        3.823529411764706,
        2.1176470588235294,
        3.411764705882353,
        3.0588235294117645,
        3.1176470588235294,
        4.0,
        2.7058823529411766,
        1.0588235294117647,
        1.411764705882353,
        3.4705882352941178,
        2.176470588235294,
        3.3529411764705883,
        2.9411764705882355,
        3.1176470588235294,
        3.0,
        2.823529411764706,
        3.5294117647058822,
        2.823529411764706,
        3.1176470588235294,
        1.5294117647058822,
        2.0588235294117645,
        2.0,
        1.7647058823529411,
        3.8823529411764706,
        2.1176470588235294,
        3.764705882352941,
        2.235294117647059,
        1.2941176470588236,
        3.7058823529411766,
        2.1176470588235294,
        2.764705882352941,
        1.588235294117647,
        2.3529411764705883,
        1.2941176470588236,
        2.588235294117647,
        2.7058823529411766,
        3.1176470588235294,
        3.4705882352941178,
        1.588235294117647,
        2.823529411764706,
        3.0,
        3.0,
        3.5294117647058822,
        1.588235294117647,
        3.0,
        2.235294117647059,
        1.2352941176470589,
        2.1176470588235294,
        1.5294117647058822,
        1.411764705882353,
        2.2941176470588234,
        2.8823529411764706
    ],